variant_type,count,VT
GGAAGGCAAGAGAAGAACC,1741,VT-129G.132A.135G
GGGAGACAGGAAAAGAACC,1209,VT-126G
GGGAGACAGGAGAAGAATC,249,VT-126G.135G.141T
GGAAGACAGGAGAAGAATC,223,VT-135G.141T
GGAAGACAAGAGAAGAACC,215,VT-132A.135G
GGGAGGCAAGAGAAGAACC,164,VT-126G.129G.132A.135G
GGAAGACAGGAGAAAAACC,114,VT-135G.138A
GGAAGACAAGAGAAGAATC,71,VT-132A.135G.141T
-------------------,67,VT-124-.125-.126-.127-.128-.129-.130-.131-.132-.133-.134-.135-.136-.137-.138-.139-.140-.141-.142-
GGAAGGCAAGAAAAGAATC,51,VT-129G.132A.141T
GGGAGACAAGAGAAGAATC,42,VT-126G.132A.135G.141T
GGAAGGCAAGAGAAAAACC,39,VT-129G.132A.135G.138A
GGAAGACAGGAGAAGAACC,35,VT-135G
GGAAGGCAAGAAAAGAACC,31,VT-129G.132A
GGGAGACAAGAGAAGAACC,21,VT-126G.132A.135G
GGAAGGCAGGAGAAGAACC,19,VT-129G.135G
GGAAGACAGGAAAAGAACC,18,VT-REF
GGAAGGCAAGAGAAGAATC,17,VT-129G.132A.135G.141T
GGGAGGCAAGAGAAAAATC,16,VT-126G.129G.132A.135G.138A.141T
GGAAGGCAGGAGAAGAATC,16,VT-129G.135G.141T
GGGAGACAGGAAAAGAATC,15,VT-126G.141T
GGGAGACAGGAGAAGAACC,15,VT-126G.135G
GGGAGGCAGGAGAAGAATC,12,VT-126G.129G.135G.141T
GGAAGACAGGAAAAGAATC,8,VT-141T
GGCAGGCAAGAGAAGAACC,8,VT-126C.129G.132A.135G
GGAAGACAGGAGAAAAATC,7,VT-135G.138A.141T
GGAAGACAAGAGAAAAATC,7,VT-132A.135G.138A.141T
GGAAGGCAGGAAAAGAATC,7,VT-129G.141T
GGGAGGCAAGAGAAGAATC,6,VT-126G.129G.132A.135G.141T
GCAAGGCAAGAGAAGAACC,5,VT-125C.129G.132A.135G
GGGAGGCAGGAAAAGAACC,4,VT-126G.129G
GGAAGACAAGAAAAAAACC,4,VT-132A.138A
GGGAGGCAGGAGAAGAACC,3,VT-126G.129G.135G
GGAAGACAAGAGAAAAACC,3,VT-132A.135G.138A
GGAAGACAAGAAAAGAACC,3,VT-132A
GGGAGGCAAGAAAAGAACC,2,VT-126G.129G.132A
GGGAGACAAGAAAAGAACC,2,VT-126G.132A
GGAAGGCAAGAAAAAAACC,2,VT-129G.132A.138A
GGCAGACAAGAGAAGAACC,2,VT-126C.132A.135G
GGACGGCAAGAGAAGAACC,2,VT-127C.129G.132A.135G
GGACGACAGGAAAAGAACC,2,VT-127C
GGGAGGCAAGAGAAAAACC,2,VT-126G.129G.132A.135G.138A
GGAAGGCAAGAAAAAAATC,2,VT-129G.132A.138A.141T
GCAAGACAAGAGAAGAACC,2,VT-125C.132A.135G
GGGAGRCAGGAAAAGAACC,1,VT-126G.129R
GGCAGGCAAGAGAAAAACC,1,VT-126C.129G.132A.135G.138A
GGAAAGCAAGAGAAGAACC,1,VT-128A.129G.132A.135G
GGGAGACAGGAAAAAAACC,1,VT-126G.138A
GGAAGACAAGAAAAAAATC,1,VT-132A.138A.141T
GGAAGRCAAGAGAAGAACC,1,VT-129R.132A.135G
GGAAGGCAGGAGAAAAACC,1,VT-129G.135G.138A
-GGAGGCAAGAGAAGAACC,1,VT-124-.126G.129G.132A.135G
GGAAGACAAGAAAAGAATC,1,VT-132A.141T
GGAAGGCAAGAGAAAAATC,1,VT-129G.132A.135G.138A.141T
GGAAGACAGGAAAAAAACC,1,VT-138A
GGAAGACARGAGAAGAACC,1,VT-132R.135G
GGAAGACAGGAGAGGAACC,1,VT-135G.137G
GGGCGACAGGAAAAGAACC,1,VT-126G.127C
